{"cameraMode":{"drawMode":0,"name":"Shaded","section":"Shading Mode"},"sceneLighting":true,"audioPlay":false,"sceneViewState":{"showFog":true,"showMaterialUpdate":false,"showSkybox":true,"showFlares":true,"showImageEffects":true,"showParticleSystems":true},"in2DMode":false,"pivot":{"x":580.451416015625,"y":-105.72027587890625,"z":208.1387939453125},"rotation":{"x":0.4049026072025299,"y":0.02194180339574814,"z":-0.009719726629555226,"w":0.9140448570251465},"size":885.42138671875,"orthographic":false}